Name,Age,Email Id,No. of people (kindly write no of people with whom you generally go for a trip in case of solo trips write 1 ),Preferable Months (Months in which you generally go for a vacation),Duration Of Trip (General duration of trip you take in days),Places you would like to visit in Jaipur (Enter atleast four places separated by comma),,,,Area in which you would like to stay in jaipur during your vacation (In case you are not familiar with name of areas you can write something like. near airport  near railway station etc)
D Arnav Pandey,19,arnavpandey1998@gmail.com,4,Jun,5,Nahargarh,Amer Fort,Chandlai lake ,Jal Mahal,C Scheme
Tanya,20,Tanyarai123@gmail.com,2,Feb,4,Bar Palladio, Nahargarh, sunset at Amer,spice court for Lal Maans,MI road or C scheme
Sanjana ,19,sanjana.sachan1998@gmail.com,1,Dec,5,Amber fort ,Nahargarh Fort, Bapu Bazar,Jal Mahal,airport
Rishav Sinha,20,rishavcareer7575@gmail.com ,5,May,6,Nibs caf�,molly moo ,the penthouse cafe ,RJ14 ,manipal university jaipur
Kanupriya Singh Rathore,21,kanupriyasinghrathore@gmail.com,2,Jan,4,Narain niwas , city palace , baradari,alsisar haveli ,Narain niwas
Aviral tambi,20,Avirambiavi@gmail.com,1,Dec,5,Hawa mahal, the city palace, jantar mantar, amber fort,Bani park
Aakanksha,20,jainaa001@gmail.com,4,May,5,Nahargarh, kanota ,Amer, Hawa mahal,Near airport
Prerna Palawat,20,prernapalawat97@gmail.com,4,Jun,6,Nahargarh, Amer fort, Albert Hall, Hotel Rajputana,C-Scheme
Varun Agarwal,20,varun1997agarwal@gmail.com,3,Dec,5,Amer fort, nahargarh fort, rambagh palace, jal mahal,Bani park area MI road
Himanshu Morwal,22,coolbuzz77@gmail.com,4,Dec,3,Nahargarh, Wtp,Hawa mahal,Amer ,C-Scheme
Dinesh ,22,Dsuthar81@gmail.com,2,Jun,7,Amer Fort, Hawa Mahal, Jantar Mantar,Jal Mahal,Amer fort birla Mandir
Subhoshree  Mitra,21,subhoshreemitra@gmail.com,3,Mar,4,Chaura Rasta, Nahargarh ,Govind ji Temple, City Palace,C-Scheme
Yashaswi ,20,yashaswigupta97@gmail.com,4,Jun,6,Amer Fort, Local Markets, Hawa Mahal, Jal Mahal Jantar Mantar,C-Scheme
varun bafna,20,varunbafna205@gmail.com,5,Jul,8,Amernahargarh,city palace ,albert hall,,airport
Ipshita ,20,sarkar_ipshita@yahoo.com,3,Jun,5,Jaigarh Fort , Amer fort, Wtp, Hotel Rajputana,Near choki dhani 
Anirudh Chandhoke ,21,Anirudhchandhoke17@gmail.com ,5,Mar,5,Nibs cafe, RJ14, molly moo, blackout ,Backpackers panda 
Shreyasi,20,shreyasi.charu@gmail.com,4,Dec,5,Amber Fort, Nahargarh Fort ,Pink City markets, Hawa Mahal,MI Road
Shivangi Agarwal,20,shivisweet19@gmail.com,4,Oct,4,Birla Mandir ,Jantar mantar,Hawa mahalMuseum ,,ITC Rajputana
Shree ,25,shreenarayanfinance@gmail.com,2,Jun,7,Ganesh temple,Jantar mantar,Hawa mahal,Museum ,Near Railway station 
Dharmendra ,45,TANZANITEBLUE1@GMAIL.COM,4,Dec,7,Doll Museum,Jantar mantar,Nahargarh,Amer fort,Near Airport 
Rajendra kumar,39,dplondon26@gmail.com,5,May,5,Jaigarh,Hawamahal,Jal mahal,JOHRI BAZAR,Airport
Shristi Sharma,21,ss22021994@gmail.com,4,Jun,5,City palace, nahargarh, Amer fort, jaigarh,Palaces which are turned into hotels
Anuj A Gupta,20,anuj@amantrahotels.in,2,Jun,7,Aamer fort , bhangarh , Nahargarh ,johri bazar,MI ROAD  c scheme
Vanshika,21,Jdnsjskw,2,Oct,7,Nahargarh,aamer fort, bhangarh, bapu bazaar,MI road
Tanmay Shanker,20,tanmay.shanker@gmail.com,3,May,7,Nahargarh fort, Amber Fort ,Jal Mahal, Hawa Mahal ,Railway station
Rishika Singh,21,Rishikasingh700@gmail.com,1,Jun,4,Amber fort , Nahargarh fort ,Hawamahal, City palace,Rambagh Palace
Aditya Shubham,21,adityashubham@muj.manipal.edu,2,Dec,5,Nahargarh Fort during sunrise, Amber Fort during sunset, City Palace, Hawa Mahal,C-Scheme 
Rounak Singh Oberoi,18,rounakoberoi1899@gmail.com,4,Dec,7,Nahargarh fort, amber fort, city palace, mi road,MI road
Ali,21,Ali@gmail.com,1,Jun,4,Nahargarh, Ajmer sharif,,,Near airport
Omdev Dalsaniya,18,omdevticks@gmail.com,4,May,1,Nahargarh, albert Hall ,GT, WTP,Sindhi Camp
Bharat Agarwal,21,bratsagarwal88@gmail.com,2,Dec,2,Nahargarh,Amer,Hawa Mahal,bhangarh,Railway station
Saamarth Rastogi,21,saamarthrastogi@hotmail.com,4,Jan,4,Amer fort ,jal mahal,naharghar,hawa mahal,Near railway station
Aditya Somani,19,somani.aditya98@gmail.com,4,May,7,Forts,Hostels ,,,Hostels 
Rajeeb Kumar Behura,19,raone2041@gmail.com,4,Sept,6,Nahargarh Fort,Amer Fort,Jal Mahal,Bhangarh Fort,Mansarovar
Sanya pareek,18,Sanyapareekh@gmail.com,1,May,15,Gt, WTP, MGF ,JKK,Near wtp
Chulbul Pandey,50,Chulbul Pandey@gmail.com,1,Nov,60,Hawa mehal, nahargarh fort, amer fort, jal mahal,Near railway 
Akshita Sharma,21,akshitasharma0096@gmail.com,8,Nov,7,Amber fort, Nahargarh Fort ,Bapu Bazar ,Jal Mahal,Near airport 
Shaurya Shikher,20,sshikher09@gmail.com,3,Jun Jul Dec,4,Amber  ,City Palace , Nahargarh , Jaigarh,Near Railway Station
Shaurya ,21,jain19shaurya@gmail.com ,3,Jan,2,Hawa mehal, nahargarh fort, amer fort ,jal mehal,Near railway 
Shivendra shekhawat ,20,Shivendras584@gmail.com ,4,Jan May Jun Jul Oct Dec,5,Hawa mahal, Jal mahal, nahargarh fort, amer fort. ,Radisson blue 
Shriyash Jain,18,Shriyash75@gmail.com,5,Jun,7,Wtp ,hawa mahal ,agra fort,,C-scheme
Swapnil Ramesh,19,Swapnil.rameshi@gmail.com,2,May,4,Cafe Bae , Cafe Lazy mojo  ,Nahargarh fort,  Amer Fort,Airport
Shubham Choubey,20,shumchey@gmail.com,1,Jun Jul Dec,7,Jal mahal,sisodia Rani Ka Bagh,hawa mahal,nargarh,Airport
Swapnil Mitra,21,swapnil.neel96@gmail.com,5,Jun Jul Oct Dec,7,Fort of Amer ,World Trade Park ,Nahargarh Forts, Jal Mahal,Near Airport
Shivam anand,21,Shivamanand313@gmail.com,6,Jan Jun Dec,5,Amber fort,nahargarh fort,wtp,birla mandir,Near airport
Shubham Srivastava,20,shubhamsrivastava@gmail.com,4,Sept Oct Nov,7,Nahargarh Fort,,,,Near nahargarh fort
Shuchi,20,Abc@gmail.com,5,Jan Feb Aug Sept Oct Nov Dec,4,C scheme, Pink city, WTF, Blackout,Near jal mahal
Shrikumar Dalia,21,Shrikumar5555@gmail.com,5,Jan Feb Mar Oct Nov Dec,5,Nahargarh, hawa mahal, jal mahal, WTP,ITC RAJPUTANA
Saurabh Jain,21,saurabhjain666@gmail.com,1,Jan Feb Oct Nov Dec,4,Nahargarh, Amer, Birla Mandir, Chand Baori,Near MI Road
Sehaj Kukreja,20,sehajkukreja55@gmail.com,4,Jan May Oct,3,Cafe Bae, Cafe Lazy mojo, Nahargarh fort,  Amer Fort,Radisson Blu Near the forts
Roshani Kumari ,22,roshnik.amity@gmail.com ,3,Jun,5,Jal Mahal, Hawa Mahal,Nahargarh fort,amber fort,Bus station 
Patryk Michalik,22,patryk.michalik@gmail.com,2,Jan May July,3,Nahargarh,Amer Fort,Chandlai lake ,Jal Mahal,C Scheme
Radhika Semwal,19,radhika.semwal@gmail.com,4,Jun,5,Bar Palladio, Nahargarh,Sunset at Amer, spice court for Lal Maans,MI road or C scheme
Ranjana Rawat,20,ran234@gmail.com,2,Feb,4,Amber fort,Nahargarh Fort, Bapu Bazar, Jal Mahal,airport
Nikhar Chhetri,19,nikar.kam@gmail.com,4,Dec,5,Nibs caf�,molly moo ,the penthouse cafe ,RJ14 ,manipal university jaipur
Vaibhav Uppal,20,vaibhav245@gmail.com,5,May,6,Narain niwas , city palace , baradari, alsisar haveli ,Narain niwas
Asmita Beri,21,asmita242@gmail.com,2,Jan,4,Hawa mahal, the city palace, jantar mantar, amber fort,Bani park
Lakshya Sukhralia,20,lakshya677@gmail.com,1,Dec,5,Nahargarh, kanota ,Amer, Hawa mahal,Near airport
Pranav Sood,20,pran.kew@gmail.com,4,May,5,Nahargarh, Amer fort, Albert Hall, Hotel Rajputana,C-Scheme
Nagendra Singh,20,nagenqwij@gmail.com,4,Jun,6,Amer fort, nahargarh fort, rambagh palace, jal mahal,Bani park area MI road
Achintya Rawat,20,achinfsoam@gmail.com,4,Dec,5,Nahargarh, Wtp,Hawa mahal,Amer ,C-Scheme
Aayushi Panwar,22,aayush24389@gmail.com,4,Dec,3,Amer Fort, Hawa Mahal, Jantar Mantar,Jal Mahal,Amer fort birla Mandir
Dhruv Singh,22,dhruv.singh@gmail.com,2,Jun,7,Chaura Rasta, Nahargarh ,Govind ji Temple, City Palace,C-Scheme
Devesh Kandpal,21,deveshjas.8@gmail.com,3,Mar,4,Amer Fort, Local Markets, Hawa Mahal, Jal Mahal Jantar Mantar,C-Scheme
Radhika Agnihotri,20,radhika.agni@gmail.com,4,Jun,6,Amernahargarh,city palace ,albert hall,,airport
Rishab Razdan,20,rishab124@gmail.com,5,Jul,8,Jaigarh Fort , Amer fort, Wtp, Hotel Rajputana,Near choki dhani 
Shivani Badoni,20,shivanisjdfn@gmail.com,3,Jun,5,Nibs cafe, RJ14, molly moo, blackout ,Radisson blue 
Anamika Jakhmola,21,anami3467@gmail.com,5,Mar,5,Amber Fort, Nahargarh Fort ,Pink City markets, Hawa Mahal,MI Road
Vyom Maitreya,20,v.maitrya@gmail.com,4,Dec,5,Birla Mandir ,Jantar mantar,Hawa mahalMuseum ,,ITC Rajputana
Manik Kandpal,20,mk21387@gmail.com,4,Oct,4,Ganesh temple,Jantar mantar,Hawa mahal,Museum ,Near Railway station 
Ananya Malhotra,25,anaymal78@gmail.com,2,Jun,7,Doll Museum,Jantar mantar,Nahargarh,Amer fort,Near Airport 
Vaishali Uniyal,45,vaishaliuniyal@gmail.com,4,Dec,7,Jaigarh,Hawamahal,Jal mahal,JOHRI BAZAR,Airport
Kartikey Kandpal,39,kartik.kan235@gmail.com,5,May,5,City palace, nahargarh, Amer fort, jaigarh,Palaces which are turned into hotels
Vasudha Singh,21,vasudha098@gmail.com,4,Jun,5,Aamer fort , bhangarh , Nahargarh ,johri bazar,MI ROAD  c scheme
Utkarsh Joshi,20,utkarshjkdns@gmail.com,2,Jun,7,Nahargarh,aamer fort, bhangarh, bapu bazaar,MI road
Anjali Pharswan,21,anjali987@gmail.com,2,Oct,7,Nahargarh fort, Amber Fort ,Jal Mahal, Hawa Mahal ,Railway station
Devyanshi Tiwari,20,devyanshi.tiwari@gmail.com,3,May,7,Amber fort , Nahargarh fort ,Hawamahal, City palace,Rambagh Palace
Pratinav Chandra,21,pratiart@gmail.com,5,Jun,4,Nahargarh Fort during sunrise, Amber Fort during sunset, City Palace, Hawa Mahal,C-Scheme 
Shorya Vats,21,shorya.vats@gmail.com,6,Dec,5,Nahargarh fort, amber fort, city palace, mi road,MI road
Abhirav Sati,18,abhi.24@gmail.com,4,Dec,7,Nahargarh, Ajmer sharif,,,Near airport
Sarthak Raina,21,sarthakraina@gmail.com,1,Jun,4,Nahargarh, albert Hall ,GT, WTP,Sindhi Camp
Ananya Acharya,18,acharyadi@gmail.com,4,May,1,Nahargarh,Amer,Hawa Mahal,bhangarh,Railway station
Aayush Dua,21,dua3248@gmail.com,2,Dec,2,Amer fort ,jal mahal,naharghar,hawa mahal,Near railway station
Tuba Rizvi,21,tubarizvi@gmail.com,4,Jan,4,Forts, ,,,Hostels
Arunima Singh,19,arun.tqi@gmail.com,8,May,7,Nahargarh Fort,Amer Fort,Jal Mahal,Bhangarh Fort,Mansarovar
Oben Okta,19,obenokta@gmail.com,4,Sept,6,Gt, WTP, MGF ,JKK,Near wtp
Shubendu Singh,19,subhendu.singh@gmail.com,1,May,15,Hawa mehal, nahargarh fort, amer fort, jal mahal,Near railway 
Sparsh Mehta,20,sparsh.mehta@gmail.com,8,Nov,60,Amber fort, Nahargarh Fort ,Bapu Bazar ,Jal Mahal,Near airport 
Nitin Gupta,21,nitingupta@gmail.com,8,Nov,7,Amber  ,City Palace , Nahargarh , Jaigarh,Near Railway Station
Paritosh Sati,20,paritosh.sati@gmail.com,3,Jun Jul Dec,4,Hawa mehal, nahargarh fort, amer fort ,jal mehal,Near railway 
Raghav Mittal,21,raghav.mittal@gmail.com,3,Jan,2,Hawa mahal, Jal mahal, nahargarh fort, amer fort. ,Radisson blue 
Dia Goel,20,diagoel@gmail.com,4,Jan May Jun Jul Oct Dec,5,Wtp ,hawa mahal ,agra fort,,C-scheme
Mehak Juneja,18,mehak.juneja@gmail.com,5,Jun,7,Cafe Bae , Cafe Lazy mojo  ,Nahargarh fort,  Amer Fort,Airport
Simar Diad,19,simar23456@gmail.com,2,May,4,Jal mahal,sisodia Rani Ka Bagh,hawa mahal,nargarh,Airport
Anuj Mittal,20,anuj.destra@gmail.com,1,Jun Jul Dec,7,Fort of Amer ,World Trade Park ,Nahargarh Forts, Jal Mahal,Near Airport
Bilal Bari,21,bilalbari@gmail.com,5,Jun Jul Oct Dec,7,Amber fort,nahargarh fort,wtp,birla mandir,Near airport
Satyam Sharma,21,satyam.sharma@gmail.com,6,Jan Jun Dec,5,Nahargarh Fort, jantar mantar,,,Jalmahal palace
Parth Anand,20,parth25637@gmail.com,4,Sept Oct Nov,7,C scheme, Pink city, WTP, Blackout,Near jal mahal
Ayush Luthra,20,ayush327@gmail.com,5,Jan Feb Aug Sept Oct Nov Dec,4,Nahargarh, hawa mahal, jal mahal, WTP,ITC RAJPUTANA
Nitika Puri,21,nitikapuri@gmail.com,5,Jan Feb Mar Oct Nov Dec,5,Nahargarh, Amer, Birla Mandir, Chand Baori,Near MI Road
Ishma Raina,21,ishmaraina@gmail.com,1,Jan Feb Oct Nov Dec,4,Cafe Bae,  Cafe Lazy mojo, Nahargarh fort,  Amer Fort,Radisson Blu Near the forts
Udit Guleria,20,uditguleria@gmail.com,4,Jan May Oct,3,Jal Mahal, Hawa Mahal,Nahargarh fort,amber fort,Bus station 
